SType,dim1,dim2,dim3,dim4,dim5
T1,0.17083,0.48626,0.03861,0.20198,0.0813
T3,0.32405,0.47372,0.14574,0.18722,0.08482
T4,0.15446,0.43752,-0.03935,0.14566,0.08024
T5,0.4192,0.36838,0.01024,0.16303,0.07888
